{"cameraMode":{"drawMode":0,"name":"Shaded","section":"Shading Mode"},"sceneLighting":false,"audioPlay":false,"sceneViewState":{"showFog":true,"showMaterialUpdate":false,"showSkybox":true,"showFlares":true,"showImageEffects":true,"showParticleSystems":true},"in2DMode":false,"pivot":{"x":-75.84038543701172,"y":-73.95838928222656,"z":-13.80997085571289},"rotation":{"x":0.21681708097457887,"y":-0.7364476323127747,"z":0.2762604355812073,"w":0.5783100724220276},"size":93.46639251708985,"orthographic":false}