{"cameraMode":{"drawMode":0,"name":"Shaded","section":"Shading Mode"},"sceneLighting":false,"audioPlay":false,"sceneViewState":{"showFog":true,"showMaterialUpdate":false,"showSkybox":true,"showFlares":true,"showImageEffects":true,"showParticleSystems":true},"in2DMode":false,"pivot":{"x":17.327260971069337,"y":-15.372776985168457,"z":-11.804525375366211},"rotation":{"x":-0.1727280169725418,"y":-0.7955015897750855,"z":0.2660940885543823,"w":-0.5163159966468811},"size":39.04485321044922,"orthographic":false}